Model,Accuracy
decision_tree_v1.csv,0.6052631578947368
decision_tree_v2.csv,0.7033492822966507
decision_tree_v3.csv,0.6698564593301436
decision_tree_v4.csv,0.6746411483253588
decision_tree_v5.csv,0.7033492822966507
decision_tree_v6.csv,0.7033492822966507
decision_tree_v7.csv,0.7440191387559809
gradient_boosting.csv,0.7440191387559809
knn.csv,0.7177033492822966
log_reg.csv,0.7631578947368421
random_forest.csv,0.7440191387559809
svm.csv,0.7679425837320574
