Model,Accuracy
decision_tree_v1.csv,0.6196172248803827
decision_tree_v2.csv,0.7033492822966507
decision_tree_v3.csv,0.6698564593301436
decision_tree_v4.csv,0.6746411483253588
decision_tree_v5.csv,0.7033492822966507
decision_tree_v6.csv,0.7033492822966507
decision_tree_v7.csv,0.7416267942583732
svm.csv,0.7679425837320574
